{"cameraMode":{"drawMode":0,"name":"Shaded","section":"Shading Mode"},"sceneLighting":false,"audioPlay":false,"sceneViewState":{"m_AlwaysRefresh":false,"showFog":true,"showSkybox":false,"showFlares":true,"showImageEffects":true,"showParticleSystems":true,"showVisualEffectGraphs":true,"m_FxEnabled":true},"in2DMode":false,"pivot":{"x":-0.5000002980232239,"y":0.49999991059303286,"z":0.9999996423721314},"rotation":{"x":0.011855367571115494,"y":0.9840437769889832,"z":-0.16234028339385987,"w":0.07186250388622284},"size":1.2247449159622193,"orthographic":false}