{"cameraMode":{"drawMode":0,"name":"Shaded","section":"Shading Mode"},"sceneLighting":false,"audioPlay":false,"sceneViewState":{"m_AlwaysRefresh":false,"showFog":true,"showSkybox":false,"showFlares":true,"showImageEffects":true,"showParticleSystems":true,"showVisualEffectGraphs":true,"m_FxEnabled":true},"in2DMode":false,"pivot":{"x":0.2529423236846924,"y":1.6915656328201295,"z":1.0892136096954346},"rotation":{"x":0.20855414867401124,"y":0.7221739292144775,"z":-0.24615292251110078,"w":0.6118654608726502},"size":1.4745007753372193,"orthographic":false}