{"cameraMode":{"drawMode":0,"name":"Shaded","section":"Shading Mode"},"sceneLighting":false,"audioPlay":false,"sceneViewState":{"m_AlwaysRefresh":false,"showFog":true,"showSkybox":false,"showFlares":true,"showImageEffects":true,"showParticleSystems":true,"showVisualEffectGraphs":true,"m_FxEnabled":true},"in2DMode":false,"pivot":{"x":0.04894590377807617,"y":-0.29084286093711855,"z":0.779568076133728},"rotation":{"x":0.019740058109164239,"y":0.7788200378417969,"z":-0.024540921673178674,"w":0.6264572143554688},"size":2.23159122467041,"orthographic":false}